{"stats":{"minecraft:dropped":{"minecraft:wheat_seeds":2,"unimplemented_items:dry_root":1},"minecraft:mined":{"minecraft:crafting_table":1,"minecraft:grass":4,"minecraft:acacia_log":8,"minecraft:grass_block":1,"minecraft:dirt":3,"minecraft:tall_grass":2,"minecraft:stone":25},"minecraft:crafted":{"minecraft:crafting_table":1,"minecraft:stick":8,"minecraft:wooden_pickaxe":1,"minecraft:stone_pickaxe":1,"minecraft:acacia_planks":20,"minecraft:stone_axe":1},"minecraft:picked_up":{"minecraft:crafting_table":1,"cobblemon:great_ball":1,"cobblemon:ancient_poke_ball":1,"minecraft:chicken":1,"minecraft:acacia_log":19,"unimplemented_items:dry_root":2,"minecraft:porkchop":13,"minecraft:dirt":4,"minecraft:wheat_seeds":2,"cobblemon:oran_berry":3,"minecraft:acacia_sapling":1,"minecraft:cobblestone":25},"minecraft:killed":{"minecraft:pig":6,"cobblemon:pokemon":2},"minecraft:custom":{"minecraft:time_since_rest":6055,"minecraft:sprint_one_cm":28997,"minecraft:damage_taken":1112,"minecraft:walk_one_cm":19683,"minecraft:mob_kills":8,"minecraft:drop":3,"minecraft:damage_dealt":1021,"minecraft:interact_with_crafting_table":4,"minecraft:fly_one_cm":40643,"minecraft:crouch_one_cm":196,"minecraft:play_time":8449,"minecraft:deaths":4,"minecraft:sneak_time":201,"minecraft:jump":227,"minecraft:open_loot_ball":2,"minecraft:leave_game":1,"minecraft:time_since_death":6016,"minecraft:total_world_time":8449,"minecraft:fall_one_cm":6985},"minecraft:used":{"minecraft:wooden_pickaxe":25,"minecraft:stone_axe":23,"minecraft:dirt":4,"minecraft:crafting_table":1,"minecraft:acacia_sapling":1},"minecraft:killed_by":{"cobblemon:pokemon":4}},"DataVersion":3465}