{"stats":{"minecraft:killed_by":{"cobblemon:pokemon":4},"minecraft:broken":{"minecraft:stone_axe":2},"minecraft:mined":{"minecraft:acacia_leaves":2,"minecraft:brown_mushroom":6,"minecraft:spruce_sapling":1,"minecraft:spruce_log":21,"cobblemon:persim_berry":1,"minecraft:crafting_table":2,"minecraft:grass":1,"minecraft:grass_block":3,"minecraft:oak_log":7,"minecraft:poppy":1,"minecraft:dirt":7,"minecraft:spruce_leaves":7,"minecraft:stone":16,"minecraft:fern":5},"minecraft:picked_up":{"minecraft:stick":16,"minecraft:crafting_table":2,"cobblemon:ancient_poke_ball":5,"minecraft:chicken":2,"minecraft:leather":15,"minecraft:brown_mushroom":6,"minecraft:acacia_log":1,"minecraft:wooden_pickaxe":1,"minecraft:porkchop":8,"minecraft:oak_log":7,"minecraft:spruce_sapling":13,"minecraft:spruce_log":314,"minecraft:dirt":10,"minecraft:stone_sword":2,"minecraft:stone_axe":1,"minecraft:spruce_planks":17,"minecraft:beef":18,"minecraft:stone_pickaxe":1,"cobblemon:relic_coin":35,"minecraft:iron_nugget":1,"minecraft:poppy":1,"minecraft:mutton":3,"minecraft:white_wool":2,"minecraft:cobblestone":26,"minecraft:egg":1},"minecraft:killed":{"minecraft:sheep":2,"minecraft:zombie":1,"minecraft:pig":2,"cobblemon:pokemon":4,"minecraft:chicken":1,"minecraft:cow":8},"minecraft:used":{"minecraft:stone_sword":24,"minecraft:poppy":1,"minecraft:wooden_pickaxe":18,"minecraft:stone_axe":32,"minecraft:dirt":10,"minecraft:mutton":1,"minecraft:beef":4,"minecraft:crafting_table":3},"minecraft:crafted":{"minecraft:oak_planks":28,"minecraft:crafting_table":3,"minecraft:spruce_planks":120,"minecraft:stick":8,"minecraft:wooden_pickaxe":1,"minecraft:stone_pickaxe":1,"minecraft:stone_axe":3},"minecraft:custom":{"minecraft:time_since_rest":2947,"minecraft:interact_with_furnace":1,"minecraft:sprint_one_cm":87845,"minecraft:damage_taken":1477,"minecraft:walk_one_cm":53511,"minecraft:mob_kills":18,"minecraft:damage_dealt":2251,"minecraft:interact_with_crafting_table":4,"minecraft:fly_one_cm":71908,"minecraft:crouch_one_cm":235,"minecraft:play_time":21917,"minecraft:deaths":4,"minecraft:sneak_time":903,"minecraft:jump":484,"minecraft:open_loot_ball":2,"minecraft:time_since_death":2918,"minecraft:leave_game":4,"minecraft:total_world_time":21917,"minecraft:fall_one_cm":14451}},"DataVersion":3465}