{"stats":{"minecraft:killed_by":{"cobblemon:pokemon":2,"minecraft:spider":1},"minecraft:dropped":{"minecraft:wheat_seeds":6,"minecraft:spruce_planks":1,"minecraft:mossy_cobblestone":2,"minecraft:wooden_pickaxe":4,"minecraft:red_mushroom":1},"minecraft:broken":{"minecraft:wooden_axe":1},"minecraft:picked_up":{"minecraft:stick":19,"minecraft:wooden_pickaxe":2,"cobblemon:choice_band":1,"minecraft:red_mushroom":1,"minecraft:porkchop":8,"minecraft:oak_log":17,"minecraft:spruce_sapling":3,"cobblemon:pink_apricorn":1,"minecraft:gunpowder":4,"minecraft:spruce_log":76,"cobblemon:aspear_berry":12,"minecraft:mossy_cobblestone":5,"minecraft:rotten_flesh":5,"minecraft:apple":1,"minecraft:decorated_pot":1,"minecraft:wheat_seeds":10,"minecraft:spruce_planks":1,"cobblemon:relic_coin":33,"minecraft:oak_sapling":5,"minecraft:netherrack":8,"cobblemon:verdant_ball":3,"minecraft:cobblestone":46},"minecraft:mined":{"minecraft:large_fern":2,"minecraft:spruce_sapling":1,"minecraft:spruce_log":3,"minecraft:grass":4,"minecraft:decorated_pot":1,"minecraft:tall_grass":6,"minecraft:stone":48,"minecraft:netherrack":8,"minecraft:red_mushroom":1,"minecraft:fern":8},"minecraft:killed":{"minecraft:zombie":3,"cobblemon:pokemon":1,"minecraft:drowned":2},"minecraft:used":{"minecraft:apple":1,"minecraft:stone_sword":31,"minecraft:stone_pickaxe":43,"minecraft:wooden_pickaxe":13,"minecraft:netherrack":6,"minecraft:stone_axe":4,"minecraft:golden_apple":2,"minecraft:furnace":1,"minecraft:cooked_porkchop":2,"minecraft:obsidian":2},"minecraft:crafted":{"minecraft:cooked_porkchop":2,"minecraft:spruce_planks":24,"minecraft:stick":12,"minecraft:wooden_pickaxe":2,"minecraft:stone_pickaxe":1,"minecraft:wooden_axe":1,"minecraft:stone_sword":1,"minecraft:furnace":1,"minecraft:stone_axe":1,"minecraft:air":0},"minecraft:custom":{"minecraft:time_since_rest":25360,"minecraft:waystone_activated":1,"minecraft:interact_with_furnace":3,"minecraft:sprint_one_cm":83079,"minecraft:damage_absorbed":80,"minecraft:damage_taken":1361,"minecraft:walk_one_cm":125424,"minecraft:mob_kills":6,"minecraft:drop":10,"minecraft:damage_dealt":1560,"minecraft:interact_with_crafting_table":6,"minecraft:swim_one_cm":25473,"minecraft:fly_one_cm":101579,"minecraft:open_chest":3,"minecraft:crouch_one_cm":65,"minecraft:play_time":34672,"minecraft:deaths":3,"minecraft:sneak_time":254,"minecraft:walk_under_water_one_cm":5214,"minecraft:jump":680,"minecraft:open_loot_ball":6,"minecraft:leave_game":2,"minecraft:time_since_death":25331,"minecraft:walk_on_water_one_cm":3538,"minecraft:total_world_time":34672,"minecraft:fall_one_cm":24224}},"DataVersion":3465}