{"stats":{"minecraft:dropped":{"cobblemon:oran_berry":6},"minecraft:crafted":{"minecraft:oak_planks":8,"minecraft:stone_shovel":1,"minecraft:crafting_table":1,"minecraft:stick":20,"minecraft:wooden_pickaxe":1,"minecraft:stone_pickaxe":1,"minecraft:wooden_axe":1,"minecraft:stone_sword":1,"minecraft:furnace":1,"minecraft:acacia_planks":12,"minecraft:stone_axe":1},"minecraft:picked_up":{"minecraft:stick":2,"minecraft:crafting_table":2,"minecraft:feather":2,"cobblemon:ancient_poke_ball":1,"minecraft:chicken":1,"unimplemented_items:dry_root":3,"minecraft:acacia_log":24,"minecraft:oak_log":11,"minecraft:dirt":1,"minecraft:apple":1,"minecraft:wheat_seeds":1,"cobblemon:oran_berry":9,"minecraft:oak_sapling":4,"minecraft:coal":1,"minecraft:acacia_sapling":2,"minecraft:cobblestone":20},"minecraft:mined":{"minecraft:podzol":1,"minecraft:oak_sapling":1,"minecraft:crafting_table":2,"minecraft:grass":8,"minecraft:acacia_log":6,"minecraft:coal_ore":1,"minecraft:tall_grass":3,"minecraft:stone":20},"minecraft:killed":{"cobblemon:pokemon":1},"minecraft:custom":{"minecraft:time_since_rest":7567,"minecraft:sprint_one_cm":17272,"minecraft:damage_taken":585,"minecraft:walk_one_cm":23158,"minecraft:mob_kills":1,"minecraft:drop":6,"minecraft:damage_dealt":221,"minecraft:interact_with_crafting_table":4,"minecraft:fly_one_cm":34753,"minecraft:crouch_one_cm":215,"minecraft:play_time":8453,"minecraft:deaths":2,"minecraft:sneak_time":356,"minecraft:jump":188,"minecraft:leave_game":1,"minecraft:time_since_death":7541,"minecraft:total_world_time":8453,"minecraft:fall_one_cm":4996},"minecraft:killed_by":{"cobblemon:pokemon":2},"minecraft:used":{"minecraft:wooden_axe":5,"minecraft:apple":1,"minecraft:acacia_log":2,"minecraft:stone_pickaxe":1,"minecraft:wooden_pickaxe":20,"minecraft:stone_axe":1,"minecraft:dirt":1,"minecraft:crafting_table":2}},"DataVersion":3465}