{"stats":{"minecraft:picked_up":{"minecraft:feather":3,"minecraft:cooked_mutton":4,"minecraft:cooked_porkchop":4,"minecraft:wheat_seeds":2,"unimplemented_items:dry_root":2,"minecraft:acacia_log":1,"cobblemon:oran_berry":3,"minecraft:cooked_chicken":3,"cobblemon:persim_berry":3,"minecraft:acacia_sapling":1,"minecraft:white_wool":3},"minecraft:mined":{"minecraft:grass":12,"minecraft:acacia_log":1,"minecraft:acacia_leaves":1,"minecraft:tall_grass":9},"minecraft:custom":{"minecraft:time_since_rest":7377,"minecraft:play_time":8429,"minecraft:sprint_one_cm":12150,"minecraft:walk_one_cm":28541,"minecraft:damage_taken":270,"minecraft:deaths":1,"minecraft:mob_kills":6,"minecraft:jump":144,"minecraft:open_loot_ball":2,"minecraft:damage_dealt":358,"minecraft:time_since_death":7352,"minecraft:total_world_time":8429,"minecraft:fall_one_cm":2415,"minecraft:fly_one_cm":20912},"minecraft:killed_by":{"cobblemon:pokemon":1}},"DataVersion":3465}