{"stats":{"minecraft:killed_by":{"cobblemon:pokemon":2,"minecraft:skeleton":2},"minecraft:dropped":{"minecraft:stone_sword":1,"cobblemon:choice_band":1,"minecraft:wooden_pickaxe":1,"minecraft:spruce_sapling":9,"minecraft:egg":1},"minecraft:broken":{"minecraft:wooden_axe":2,"minecraft:wooden_pickaxe":1},"minecraft:mined":{"minecraft:crafting_table":1,"cobblemon:gilded_chest":1,"minecraft:dead_bush":1,"minecraft:tall_grass":2,"minecraft:spruce_leaves":1,"cobblemon:relic_coin_pouch":4,"minecraft:large_fern":3,"minecraft:spruce_log":3,"minecraft:coal_ore":2,"minecraft:stone":39,"minecraft:fern":5},"minecraft:picked_up":{"minecraft:wooden_axe":1,"minecraft:crafting_table":4,"minecraft:feather":6,"cobblemon:ancient_poke_ball":10,"minecraft:cooked_beef":6,"minecraft:leather":5,"minecraft:brown_mushroom":3,"minecraft:wooden_pickaxe":4,"minecraft:oak_log":32,"minecraft:gunpowder":6,"cobblemon:gilded_chest":2,"minecraft:apple":6,"cobblemon:rock_gem":1,"minecraft:wheat_seeds":3,"cobblemon:green_apricorn":15,"minecraft:spruce_planks":163,"minecraft:beef":9,"minecraft:stone_pickaxe":4,"minecraft:cooked_chicken":3,"cobblemon:relic_coin":92,"cobblemon:max_potion":2,"minecraft:egg":2,"cobblemon:max_ether":6,"cobblemon:exp_candy_xs":2,"minecraft:stick":34,"minecraft:cooked_porkchop":40,"minecraft:sweet_berries":24,"unimplemented_items:dry_root":1,"minecraft:porkchop":9,"cobblemon:persim_berry":12,"minecraft:spruce_sapling":45,"cobblemon:pink_apricorn":4,"minecraft:spruce_log":284,"cobblemon:ether":6,"cobblemon:aspear_berry":43,"minecraft:stone_sword":2,"minecraft:rotten_flesh":16,"minecraft:stone_shovel":3,"minecraft:stone_axe":3,"cobblemon:iron_ball":1,"minecraft:oak_sapling":39,"minecraft:coal":25,"minecraft:cobblestone":69},"minecraft:killed":{"minecraft:pig":1,"cobblemon:pokemon":2,"minecraft:spider":1,"minecraft:creeper":2,"minecraft:skeleton":1,"minecraft:zombie":8,"minecraft:cow":1},"minecraft:used":{"minecraft:stone_sword":5,"minecraft:stone_pickaxe":16,"minecraft:spruce_planks":1,"minecraft:wooden_pickaxe":57,"minecraft:crafting_table":2,"minecraft:wooden_axe":33,"minecraft:stone_axe":22,"minecraft:cobblestone":4,"minecraft:furnace":1,"minecraft:cooked_porkchop":5,"minecraft:cooked_beef":2},"minecraft:custom":{"minecraft:interact_with_furnace":8,"minecraft:mob_kills":18,"minecraft:interact_with_crafting_table":7,"minecraft:leave_game":1,"minecraft:time_since_death":6875,"minecraft:time_since_rest":6907,"minecraft:sprint_one_cm":84551,"minecraft:damage_taken":1594,"minecraft:walk_one_cm":140893,"minecraft:drop":5,"minecraft:damage_dealt":3289,"minecraft:fly_one_cm":162355,"minecraft:crouch_one_cm":99,"minecraft:play_time":42456,"minecraft:deaths":4,"minecraft:sneak_time":483,"minecraft:jump":665,"minecraft:open_loot_ball":5,"minecraft:total_world_time":42456,"minecraft:fall_one_cm":19570},"minecraft:crafted":{"minecraft:cooked_beef":3,"minecraft:stone_shovel":1,"minecraft:cooked_porkchop":3,"minecraft:crafting_table":1,"minecraft:spruce_planks":124,"minecraft:wooden_pickaxe":2,"minecraft:furnace":1,"minecraft:stone_axe":2,"minecraft:air":0,"minecraft:stick":20,"minecraft:stone_pickaxe":2,"minecraft:wooden_axe":2,"minecraft:stone_sword":1}},"DataVersion":3465}